item_id	movie_title_item	movie_title_emb
1	Toy Story	Toy Story 2 (1999)
2	GoldenEye	GoldenEye (1995)
3	Four Rooms	Four Rooms (1995)
4	Get Shorty	Get Shorty (1995)
5	Copycat	
6	Shanghai Triad (Yao a yao yao dao waipo qiao)	
7	Twelve Monkeys	
8	Babe	Babe Pig in the City (1998)
9	Dead Man Walking	Dead Man Walking (1995)
10	Richard III	
11	Seven (Se7en)	
12	Usual Suspects, The	
13	Mighty Aphrodite	Mighty Aphrodite (1995)
14	Postino, Il	
15	Mr. Holland's Opus	Mr. Holland's Opus (1995)
16	French Twist (Gazon maudit)	
17	From Dusk Till Dawn	From Dusk Till Dawn (1996)
18	White Balloon, The	
19	Antonia's Line	
20	Angels and Insects	Angels and Insects (1995)
21	Muppet Treasure Island	Muppet Treasure Island (1996)
22	Braveheart	Braveheart (1995)
23	Taxi Driver	Taxi Driver (1976)
24	Rumble in the Bronx	
25	Birdcage, The	
26	Brothers McMullen, The	
27	Bad Boys	Bad Boys II (2003)
28	Apollo 13	Apollo 13 (1995)
29	Batman Forever	Batman Forever (1995)
30	Belle de jour	
31	Crimson Tide	Crimson Tide (1995)
32	Crumb	Crumb (1994)
33	Desperado	Desperado (1995)
34	Doom Generation, The	
35	Free Willy 2: The Adventure Home	
36	Mad Love	
37	Nadja	Nadja (1994)
38	Net, The	
39	Strange Days	Strange Days (1995)
40	To Wong Foo, Thanks for Everything! Julie Newmar	To Wong Foo, Thanks for Everything! Julie Newmar (1995)
41	Billy Madison	Billy Madison (1995)
42	Clerks	Clerks II (2006)
43	Disclosure	
44	Dolores Claiborne	Dolores Claiborne (1995)
45	Eat Drink Man Woman	
46	Exotica	Exotica (1994)
47	Ed Wood	Ed Wood (1994)
48	Hoop Dreams	Hoop Dreams (1994)
49	I.Q.	I.Q. (1994)
50	Star Wars	Star Wars Episode VI - Return of the Jedi (1983)
51	Legends of the Fall	Legends of the Fall (1994)
52	Madness of King George, The	
53	Natural Born Killers	Natural Born Killers (1994)
54	Outbreak	Outbreak (1995)
55	Professional, The	
56	Pulp Fiction	Pulp Fiction (1994)
57	Priest	Priest (1994)
58	Quiz Show	Quiz Show (1994)
59	Three Colors: Red	
60	Three Colors: Blue	
61	Three Colors: White	
62	Stargate	Stargate (1994)
63	Santa Clause, The	
64	Shawshank Redemption, The	Shawshank Redemption, The (1994)
65	What's Eating Gilbert Grape	What's Eating Gilbert Grape (1993)
66	While You Were Sleeping	While You Were Sleeping (1995)
67	Ace Ventura: Pet Detective	
68	Crow, The	
69	Forrest Gump	Forrest Gump (1994)
70	Four Weddings and a Funeral	Four Weddings and a Funeral (1994)
71	Lion King, The	Lion King, The (1994)
72	Mask, The	
73	Maverick	Maverick (1994)
74	Faster Pussycat! Kill! Kill!	Faster Pussycat! Kill! Kill! (1965)
75	Brother Minister: The Assassination of Malcolm X	
76	Carlito's Way	Carlito's Way (1993)
77	Firm, The	
78	Free Willy	Free Willy 2 The Adventure Home (1995)
79	Fugitive, The	
80	Hot Shots! Part Deux	Hot Shots! Part Deux (1993)
81	Hudsucker Proxy, The	
82	Jurassic Park	Jurassic Park III (2001)
83	Much Ado About Nothing	Much Ado About Nothing (1993)
84	Robert A. Heinlein's The Puppet Masters	
85	Ref, The	
86	Remains of the Day, The	
87	Searching for Bobby Fischer	Searching for Bobby Fischer (1993)
88	Sleepless in Seattle	Sleepless in Seattle (1993)
89	Blade Runner	Blade Runner (1982)
90	So I Married an Axe Murderer	So I Married an Axe Murderer (1993)
91	Nightmare Before Christmas, The	
92	True Romance	True Romance (1993)
93	Welcome to the Dollhouse	Welcome to the Dollhouse (1995)
94	Home Alone	Home Alone 2 Lost in New York (1992)
95	Aladdin	Aladdin and the King of Thieves (1996)
96	Terminator 2: Judgment Day	
97	Dances with Wolves	Dances with Wolves (1990)
98	Silence of the Lambs, The	
99	Snow White and the Seven Dwarfs	Snow White and the Seven Dwarfs (1937)
100	Fargo	Fargo (1996)
101	Heavy Metal	Heavy Metal (1981)
102	Aristocats, The	
103	All Dogs Go to Heaven 2	All Dogs Go to Heaven 2 (1996)
104	Theodore Rex	Theodore Rex (1995)
105	Sgt. Bilko	Sgt. Bilko (1996)
106	Diabolique	Diabolique (1996)
107	Moll Flanders	
108	Kids in the Hall: Brain Candy	
109	Mystery Science Theater 3000: The Movie	
110	Operation Dumbo Drop	Operation Dumbo Drop (1995)
111	Truth About Cats & Dogs, The	
112	Flipper	
113	Horseman on the Roof, The (Hussard sur le toit, Le)	
114	Wallace & Gromit: The Best of Aardman Animation	
115	Haunted World of Edward D. Wood Jr., The	
116	Cold Comfort Farm	Cold Comfort Farm (1995)
117	Rock, The	
118	Twister	
119	Maya Lin: A Strong Clear Vision	
120	Striptease	Striptease (1996)
121	Independence Day (ID4)	
122	Cable Guy, The	
123	Frighteners, The	
124	Lone Star	
125	Phenomenon	Phenomenon (1996)
126	Spitfire Grill, The	
127	Godfather, The	
128	Supercop	
129	Bound	Homeward Bound II Lost in San Francisco (1996)
130	Kansas City	Kansas City (1996)
131	Breakfast at Tiffany's	Breakfast at Tiffany's (1961)
132	Wizard of Oz, The	
133	Gone with the Wind	Gone with the Wind (1939)
134	Citizen Kane	Citizen Kane (1941)
135	2001: A Space Odyssey	
136	Mr. Smith Goes to Washington	Mr. Smith Goes to Washington (1939)
137	Big Night	Big Night (1996)
138	D3: The Mighty Ducks	
139	Love Bug, The	
140	Homeward Bound: The Incredible Journey	
141	20,000 Leagues Under the Sea	20,000 Leagues Under the Sea (1954)
142	Bedknobs and Broomsticks	Bedknobs and Broomsticks (1971)
143	Sound of Music, The	Sound of Music, The (1965)
144	Die Hard	Die Hard 2 (1990)
145	Lawnmower Man, The	
146	Unhook the Stars	
147	Long Kiss Goodnight, The	
148	Ghost and the Darkness, The	
149	Jude	Jude (1996)
150	Swingers	Swingers (1996)
151	Willy Wonka and the Chocolate Factory	
152	Sleeper	Sleepers (1996)
153	Fish Called Wanda, A	
154	Monty Python's Life of Brian	Monty Python's Life of Brian (1979)
155	Dirty Dancing	Dirty Dancing (1987)
156	Reservoir Dogs	Reservoir Dogs (1992)
157	Platoon	Platoon (1986)
158	Weekend at Bernie's	Weekend at Bernie's II (1993)
159	Basic Instinct	Basic Instinct (1992)
160	Glengarry Glen Ross	Glengarry Glen Ross (1992)
161	Top Gun	Top Gun (1986)
162	On Golden Pond	On Golden Pond (1981)
163	Return of the Pink Panther, The	
164	Abyss, The	
165	Jean de Florette	Jean de Florette (1986)
166	Manon of the Spring (Manon des sources)	
167	Private Benjamin	Private Benjamin (1980)
168	Monty Python and the Holy Grail	Monty Python and the Holy Grail (1975)
169	Wrong Trousers, The	
170	Cinema Paradiso	
171	Delicatessen	Delicatessen (1991)
172	Empire Strikes Back, The	
173	Princess Bride, The	
174	Raiders of the Lost Ark	
175	Brazil	
176	Aliens	Evil Aliens (2005)
177	Good, The Bad and The Ugly, The	
178	12 Angry Men	12 Angry Men (1957)
179	Clockwork Orange, A	Clockwork Orange, A (1971)
180	Apocalypse Now	Apocalypse Now (1979)
181	Return of the Jedi	Star Wars Episode VI - Return of the Jedi (1983)
182	GoodFellas	
183	Alien	Alien from L.A. (1988)
184	Army of Darkness	Army of Darkness (1993)
185	Psycho	Psycho II (1983)
186	Blues Brothers, The	
187	Godfather: Part II, The	
188	Full Metal Jacket	Full Metal Jacket (1987)
189	Grand Day Out, A	
190	Henry V	Henry V (1989)
191	Amadeus	Amadeus (1984)
192	Raging Bull	Raging Bull (1980)
193	Right Stuff, The	
194	Sting, The	Sting, The (1973)
195	Terminator, The	
196	Dead Poets Society	Dead Poets Society (1989)
197	Graduate, The	
198	Nikita (La Femme Nikita)	
199	Bridge on the River Kwai, The	
200	Shining, The	
201	Evil Dead II	
202	Groundhog Day	Groundhog Day (1993)
203	Unforgiven	Unforgiven (1992)
204	Back to the Future	Back to the Future Part III (1990)
205	Patton	Patton (1970)
206	Akira	Akira (1988)
207	Cyrano de Bergerac	
208	Young Frankenstein	Young Frankenstein (1974)
209	This Is Spinal Tap	This Is Spinal Tap (1984)
210	Indiana Jones and the Last Crusade	Indiana Jones and the Last Crusade (1989)
211	M*A*S*H	
212	Unbearable Lightness of Being, The	
213	Room with a View, A	
214	Pink Floyd - The Wall	
215	Field of Dreams	Field of Dreams (1989)
216	When Harry Met Sally...	When Harry Met Sally... (1989)
217	Bram Stoker's Dracula	
218	Cape Fear	
219	Nightmare on Elm Street, A	
220	Mirror Has Two Faces, The	
221	Breaking the Waves	Breaking the Waves (1996)
222	Star Trek: First Contact	
223	Sling Blade	Sling Blade (1996)
224	Ridicule	Ridicule (1996)
225	101 Dalmatians	101 Dalmatians (1996)
226	Die Hard 2	Die Hard 2 (1990)
227	Star Trek VI: The Undiscovered Country	
228	Star Trek: The Wrath of Khan	
229	Star Trek III: The Search for Spock	
230	Star Trek IV: The Voyage Home	
231	Batman Returns	Batman Returns (1992)
232	Young Guns	Young Guns II (1990)
233	Under Siege	Under Siege 2 Dark Territory (1995)
234	Jaws	Jaws (1975)
235	Mars Attacks!	Mars Attacks! (1996)
236	Citizen Ruth	Citizen Ruth (1996)
237	Jerry Maguire	Jerry Maguire (1996)
238	Raising Arizona	Raising Arizona (1987)
239	Sneakers	
240	Beavis and Butt-head Do America	
241	Last of the Mohicans, The	
242	Kolya	
243	Jungle2Jungle	
244	Smilla's Sense of Snow	Smilla's Sense of Snow (1997)
245	Devil's Own, The	
246	Chasing Amy	Chasing Amy (1997)
247	Turbo: A Power Rangers Movie	
248	Grosse Pointe Blank	Grosse Pointe Blank (1997)
249	Austin Powers: International Man of Mystery	
250	Fifth Element, The	
251	Shall We Dance?	
252	Lost World: Jurassic Park, The	
253	Pillow Book, The	
254	Batman & Robin	Batman & Robin (1997)
255	My Best Friend's Wedding	My Best Friend's Wedding (1997)
256	When the Cats Away (Chacun cherche son chat)	
257	Men in Black	
258	Contact	Contact (1997)
259	George of the Jungle	George of the Jungle (1997)
260	Event Horizon	Event Horizon (1997)
261	Air Bud	Air Bud Golden Receiver (1998)
262	In the Company of Men	In the Company of Men (1997)
263	Steel	Steel Magnolias (1989)
264	Mimic	Mimic (1997)
265	Hunt for Red October, The	
266	Kull the Conqueror	Kull the Conqueror (1997)
267	unkonwn	
268	Chasing Amy	Chasing Amy (1997)
269	Full Monty, The	
270	Gattaca	Gattaca (1997)
271	Starship Troopers	Starship Troopers (1997)
272	Good Will Hunting	Good Will Hunting (1997)
273	Heat	Heathers (1989)
274	Sabrina	
275	Sense and Sensibility	Sense and Sensibility (1995)
276	Leaving Las Vegas	Leaving Las Vegas (1995)
277	Restoration	Restoration (1995)
278	Bed of Roses	
279	Once Upon a Time... When We Were Colored	Once Upon a Time... When We Were Colored (1995)
280	Up Close and Personal	Up Close and Personal (1996)
281	River Wild, The	
282	Time to Kill, A	
283	Emma	Alex and Emma (2003)
284	Tin Cup	Tin Cup (1996)
285	Secrets & Lies	Secrets & Lies (1996)
286	English Patient, The	
287	Marvin's Room	Marvin's Room (1996)
288	Scream	Scream 2 (1997)
289	Evita	
290	Fierce Creatures	Fierce Creatures (1997)
291	Absolute Power	Absolute Power (1997)
292	Rosewood	Rosewood (1997)
293	Donnie Brasco	Donnie Brasco (1997)
294	Liar Liar	Liar Liar (1997)
295	Breakdown	
296	Promesse, La	
297	Ulee's Gold	Ulee's Gold (1997)
298	Face/Off	
299	Hoodlum	Hoodlum (1997)
300	Air Force One	Air Force One (1997)
301	In & Out	In & Out (1997)
302	L.A. Confidential	L.A. Confidential (1997)
303	Ulee's Gold	Ulee's Gold (1997)
304	Fly Away Home	Fly Away Home (1996)
305	Ice Storm, The	
306	Mrs. Brown (Her Majesty, Mrs. Brown)	
307	Devil's Advocate, The	
308	FairyTale: A True Story	
309	Deceiver	Deceiver (1997)
310	Rainmaker, The	
311	Wings of the Dove, The	
312	Midnight in the Garden of Good and Evil	Midnight in the Garden of Good and Evil (1997)
313	Titanic	Titanic (1997)
314	3 Ninjas: High Noon At Mega Mountain	
315	Apt Pupil	Apt Pupil (1998)
316	As Good As It Gets	
317	In the Name of the Father	In the Name of the Father (1993)
318	Schindler's List	Schindler's List (1993)
319	Everyone Says I Love You	Everyone Says I Love You (1996)
320	Paradise Lost: The Child Murders at Robin Hood Hills	
321	Mother	Some Mother's Son (1996)
322	Murder at 1600	Murder at 1600 (1997)
323	Dante's Peak	Dante's Peak (1997)
324	Lost Highway	Lost Highway (1997)
325	Crash	Crash (2004)
326	G.I. Jane	G.I. Jane (1997)
327	Cop Land	Cop Land (1997)
328	Conspiracy Theory	Conspiracy Theory (1997)
329	Desperate Measures	Desperate Measures (1998)
330	187	
331	Edge, The	
332	Kiss the Girls	Kiss the Girls (1997)
333	Game, The	
334	U Turn	
335	How to Be a Player	
336	Playing God	
337	House of Yes, The	
338	Bean	Milagro Beanfield War (1988)
339	Mad City	Mad City (1997)
340	Boogie Nights	Boogie Nights (1997)
341	Critical Care	Critical Care (1997)
342	Man Who Knew Too Little, The	
343	Alien: Resurrection	
344	Apostle, The	
345	Deconstructing Harry	Deconstructing Harry (1997)
346	Jackie Brown	Jackie Brown (1997)
347	Wag the Dog	Wag the Dog (1997)
348	Desperate Measures	Desperate Measures (1998)
349	Hard Rain	Hard Rain (1998)
350	Fallen	
351	Prophecy II, The	
352	Spice World	Spice World (1997)
353	Deep Rising	Deep Rising (1998)
354	Wedding Singer, The	
355	Sphere	
356	Client, The	
357	One Flew Over the Cuckoo's Nest	One Flew Over the Cuckoo's Nest (1975)
358	Spawn	Piranha II The Spawning (1981)
359	Assignment, The	
360	Wonderland	Next Stop Wonderland (1998)
361	Incognito	
362	Blues Brothers 2000	Blues Brothers 2000 (1998)
363	Sudden Death	
364	Ace Ventura: When Nature Calls	
365	Powder	
366	Dangerous Minds	Dangerous Minds (1995)
367	Clueless	Clueless (1995)
368	Bio-Dome	Bio-Dome (1996)
369	Black Sheep	
370	Mary Reilly	Mary Reilly (1996)
371	Bridges of Madison County, The	
372	Jeffrey	
373	Judge Dredd	Judge Dredd (1995)
374	Mighty Morphin Power Rangers: The Movie	
375	Showgirls	Showgirls (1995)
376	Houseguest	Houseguest (1994)
377	Heavyweights	
378	Miracle on 34th Street	Miracle on 34th Street (1947)
379	Tales From the Crypt Presents: Demon Knight	
380	Star Trek: Generations	
381	Muriel's Wedding	Muriel's Wedding (1994)
382	Adventures of Priscilla, Queen of the Desert, The	
383	Flintstones, The	
384	Naked Gun 33 1/3: The Final Insult	
385	True Lies	True Lies (1994)
386	Addams Family Values	Addams Family Values (1993)
387	Age of Innocence, The	
388	Beverly Hills Cop III	Beverly Hills Cop III (1994)
389	Black Beauty	
390	Fear of a Black Hat	Fear of a Black Hat (1994)
391	Last Action Hero	Last Action Hero (1993)
392	Man Without a Face, The	
393	Mrs. Doubtfire	Mrs. Doubtfire (1993)
394	Radioland Murders	Radioland Murders (1994)
395	Robin Hood: Men in Tights	
396	Serial Mom	Serial Mom (1994)
397	Striking Distance	Striking Distance (1993)
398	Super Mario Bros.	Super Mario Bros. (1993)
399	Three Musketeers, The	
400	Little Rascals, The	
401	Brady Bunch Movie, The	
402	Ghost	Ghosts of the Abyss (2003)
403	Batman	Batman Mask of the Phantasm (1993)
404	Pinocchio	Pinocchio (1940)
405	Mission: Impossible	
406	Thinner	Thinner (1996)
407	Spy Hard	Spy Hard (1996)
408	Close Shave, A	
409	Jack	Full Metal Jacket (1987)
410	Kingpin	
411	Nutty Professor, The	
412	Very Brady Sequel, A	
413	Tales from the Crypt Presents: Bordello of Blood	
414	My Favorite Year	My Favorite Year (1982)
415	Apple Dumpling Gang, The	
416	Old Yeller	Old Yeller (1957)
417	Parent Trap, The	
418	Cinderella	Cinderella Man (2005)
419	Mary Poppins	Mary Poppins (1964)
420	Alice in Wonderland	
421	William Shakespeare's Romeo and Juliet	
422	Aladdin and the King of Thieves	Aladdin and the King of Thieves (1996)
423	E.T. the Extra-Terrestrial	E.T. the Extra-Terrestrial (1982)
424	Children of the Corn: The Gathering	
425	Bob Roberts	Bob Roberts (1992)
426	Transformers: The Movie, The	
427	To Kill a Mockingbird	To Kill a Mockingbird (1962)
428	Harold and Maude	Harold and Maude (1971)
429	Day the Earth Stood Still, The	
430	Duck Soup	Duck Soup (1933)
431	Highlander	Highlander II The Quickening (1991)
432	Fantasia	Fantasia 2000 (1999)
433	Heathers	Heathers (1989)
434	Forbidden Planet	Forbidden Planet (1956)
435	Butch Cassidy and the Sundance Kid	Butch Cassidy and the Sundance Kid (1969)
436	American Werewolf in London, An	
437	Amityville 1992: It's About Time	
438	Amityville 3-D	Amityville 3-D (1983)
439	Amityville: A New Generation	
440	Amityville II: The Possession	
441	Amityville Horror, The	
442	Amityville Curse, The	
443	Birds, The	
444	Blob, The	
445	Body Snatcher, The	
446	Burnt Offerings	Burnt Offerings (1976)
447	Carrie	Carrie (2002)
448	Omen, The	
449	Star Trek: The Motion Picture	
450	Star Trek V: The Final Frontier	
451	Grease	Grease 2 (1982)
452	Jaws 2	Jaws 2 (1978)
453	Jaws 3-D	Jaws 3-D (1983)
454	Bastard Out of Carolina	Bastard Out of Carolina (1996)
455	Jackie Chan's First Strike	
456	Beverly Hills Ninja	Beverly Hills Ninja (1997)
457	Free Willy 3: The Rescue	
458	Nixon	Nixon (1995)
459	Cry, the Beloved Country	Cry, the Beloved Country (1995)
460	Crossing Guard, The	
461	Smoke	Smokey and the Bandit (1977)
462	Like Water For Chocolate (Como agua para chocolate)	
463	Secret of Roan Inish, The	
464	Vanya on 42nd Street	Vanya on 42nd Street (1994)
465	Jungle Book, The	Jungle Book, The (1967)
466	Red Rock West	Red Rock West (1992)
467	Bronx Tale, A	
468	Rudy	Rudy (1993)
469	Short Cuts	Short Cuts (1993)
470	Tombstone	Tombstone (1993)
471	Courage Under Fire	Courage Under Fire (1996)
472	Dragonheart	Dragonheart (1996)
473	James and the Giant Peach	James and the Giant Peach (1996)
474	Dr. Strangelove or: How I Learned to Stop Worrying and Love the Bomb	
475	Trainspotting	Trainspotting (1996)
476	First Wives Club, The	
477	Matilda	
478	Philadelphia Story, The	
479	Vertigo	Vertigo (1958)
480	North by Northwest	North by Northwest (1959)
481	Apartment, The	
482	Some Like It Hot	Some Like It Hot (1959)
483	Casablanca	Casablanca (1942)
484	Maltese Falcon, The	
485	My Fair Lady	My Fair Lady (1964)
486	Sabrina	
487	Roman Holiday	Roman Holiday (1953)
488	Sunset Blvd.	
489	Notorious	Notorious (1946)
490	To Catch a Thief	To Catch a Thief (1955)
491	Adventures of Robin Hood, The	
492	East of Eden	East of Eden (1955)
493	Thin Man, The	
494	His Girl Friday	His Girl Friday (1940)
495	Around the World in 80 Days	
496	It's a Wonderful Life	It's a Wonderful Life (1946)
497	Bringing Up Baby	Bringing Up Baby (1938)
498	African Queen, The	
499	Cat on a Hot Tin Roof	Cat on a Hot Tin Roof (1958)
500	Fly Away Home	Fly Away Home (1996)
501	Dumbo	Dumbo (1941)
502	Bananas	Bananas (1971)
503	Candidate, The	
504	Bonnie and Clyde	Bonnie and Clyde (1967)
505	Dial M for Murder	Dial M for Murder (1954)
506	Rebel Without a Cause	Rebel Without a Cause (1955)
507	Streetcar Named Desire, A	
508	People vs. Larry Flynt, The	
509	My Left Foot	My Left Foot (1989)
510	Magnificent Seven, The	
511	Lawrence of Arabia	Lawrence of Arabia (1962)
512	Wings of Desire	
513	Third Man, The	
514	Annie Hall	Annie Hall (1977)
515	Boot, Das	
516	Local Hero	Local Hero (1983)
517	Manhattan	Manhattan Murder Mystery (1993)
518	Miller's Crossing	Miller's Crossing (1990)
519	Treasure of the Sierra Madre, The	
520	Great Escape, The	
521	Deer Hunter, The	
522	Down by Law	Down by Law (1986)
523	Cool Hand Luke	Cool Hand Luke (1967)
524	Great Dictator, The	
525	Big Sleep, The	Big Sleep, The (1946)
526	Ben-Hur	Ben-Hur A Tale of the Christ (1925)
527	Gandhi	Gandhi (1982)
528	Killing Fields, The	
529	My Life as a Dog (Mitt liv som hund)	
530	Man Who Would Be King, The	
531	Shine	Shine (1996)
532	Kama Sutra: A Tale of Love	
533	Daytrippers, The	
534	Traveller	
535	Addicted to Love	Addicted to Love (1997)
536	Ponette	Ponette (1996)
537	My Own Private Idaho	My Own Private Idaho (1991)
538	Anastasia	Anastasia (1997)
539	Mouse Hunt	Mouse Hunt (1997)
540	Money Train	Money Train (1995)
541	Mortal Kombat	Mortal Kombat Annihilation (1997)
542	Pocahontas	Pocahontas (1995)
543	Misérables, Les	
544	Things to Do in Denver when You're Dead	
545	Vampire in Brooklyn	Vampire in Brooklyn (1995)
546	Broken Arrow	
547	Young Poisoner's Handbook, The	
548	NeverEnding Story III, The	
549	Rob Roy	
550	Die Hard: With a Vengeance	
551	Lord of Illusions	Lord of Illusions (1995)
552	Species	Species (1995)
553	Walk in the Clouds, A	
554	Waterworld	Waterworld (1995)
555	White Man's Burden	White Man's Burden (1995)
556	Wild Bill	
557	Farinelli: il castrato	
558	Heavenly Creatures	Heavenly Creatures (1994)
559	Interview with the Vampire	Interview with the Vampire The Vampire Chronicles (1994)
560	Kid in King Arthur's Court, A	
561	Mary Shelley's Frankenstein	
562	Quick and the Dead, The	
563	Stephen King's The Langoliers	
564	Tales from the Hood	Tales from the Hood (1995)
565	Village of the Damned	
566	Clear and Present Danger	Clear and Present Danger (1994)
567	Wes Craven's New Nightmare	
568	Speed	Speed 2 Cruise Control (1997)
569	Wolf	Teen Wolf (1985)
570	Wyatt Earp	Wyatt Earp (1994)
571	Another Stakeout	Another Stakeout (1993)
572	Blown Away	
573	Body Snatchers	Invasion of the Body Snatchers (1956)
574	Boxing Helena	Boxing Helena (1993)
575	City Slickers II: The Legend of Curly's Gold	
576	Cliffhanger	Cliffhanger (1993)
577	Coneheads	Coneheads (1993)
578	Demolition Man	Demolition Man (1993)
579	Fatal Instinct	Fatal Instinct (1993)
580	Englishman Who Went Up a Hill, But Came Down a Mountain, The	
581	Kalifornia	Kalifornia (1993)
582	Piano, The	
583	Romeo Is Bleeding	Romeo Is Bleeding (1993)
584	Secret Garden, The	
585	Son in Law	Son in Law (1993)
586	Terminal Velocity	Terminal Velocity (1994)
587	Hour of the Pig, The	
588	Beauty and the Beast	
589	Wild Bunch, The	
590	Hellraiser: Bloodline	
591	Primal Fear	Primal Fear (1996)
592	True Crime	True Crime (1999)
593	Stalingrad	
594	Heavy	Heavy (1995)
595	Fan, The	
596	Hunchback of Notre Dame, The	
597	Eraser	Eraserhead (1977)
598	Big Squeeze, The	
599	Police Story 4: Project S (Chao ji ji hua)	
600	Daniel Defoe's Robinson Crusoe	
601	For Whom the Bell Tolls	For Whom the Bell Tolls (1943)
602	American in Paris, An	
603	Rear Window	Rear Window (1954)
604	It Happened One Night	It Happened One Night (1934)
605	Meet Me in St. Louis	Meet Me in St. Louis (1944)
606	All About Eve	All About Eve (1950)
607	Rebecca	
608	Spellbound	
609	Father of the Bride	Father of the Bride Part II (1995)
610	Gigi	
611	Laura	Eyes of Laura Mars (1978)
612	Lost Horizon	Lost Horizon (1937)
613	My Man Godfrey	My Man Godfrey (1957)
614	Giant	Little Giants (1994)
615	39 Steps, The	
616	Night of the Living Dead	Night of the Living Dead (1968)
617	Blue Angel, The (Blaue Engel, Der)	
618	Picnic	Picnic at Hanging Rock (1975)
619	Extreme Measures	Extreme Measures (1996)
620	Chamber, The	
621	Davy Crockett, King of the Wild Frontier	Davy Crockett, King of the Wild Frontier (1955)
622	Swiss Family Robinson	Swiss Family Robinson (1960)
623	Angels in the Outfield	Angels in the Outfield (1994)
624	Three Caballeros, The	
625	Sword in the Stone, The	
626	So Dear to My Heart	
627	Robin Hood: Prince of Thieves	
628	Sleepers	Sleepers (1996)
629	Victor/Victoria	
630	Great Race, The	
631	Crying Game, The	
632	Sophie's Choice	Sophie's Choice (1982)
633	Christmas Carol, A	
634	Microcosmos: Le peuple de l'herbe	
635	Fog, The	
636	Escape from New York	Escape from New York (1981)
637	Howling, The	
638	Return of Martin Guerre, The (Retour de Martin Guerre, Le)	
639	Tin Drum, The (Blechtrommel, Die)	
640	Cook the Thief His Wife & Her Lover, The	
641	Paths of Glory	Paths of Glory (1957)
642	Grifters, The	
643	The Innocent	
644	Thin Blue Line, The	
645	Paris Is Burning	Paris Is Burning (1990)
646	Once Upon a Time in the West	
647	Ran	Beyond Rangoon (1995)
648	Quiet Man, The	
649	Once Upon a Time in America	Once Upon a Time in America (1984)
650	Seventh Seal, The (Sjunde inseglet, Det)	
651	Glory	Glory Road (2006)
652	Rosencrantz and Guildenstern Are Dead	
653	Touch of Evil	Touch of Evil (1958)
654	Chinatown	
655	Stand by Me	Stand by Me (1986)
656	M	Marie Antoinette (2006)
657	Manchurian Candidate, The	
658	Pump Up the Volume	Pump Up the Volume (1990)
659	Arsenic and Old Lace	Arsenic and Old Lace (1944)
660	Fried Green Tomatoes	Fried Green Tomatoes (1991)
661	High Noon	High Noon (1952)
662	Somewhere in Time	Somewhere in Time (1980)
663	Being There	Being There (1979)
664	Paris, Texas	Paris, Texas (1984)
665	Alien 3	
666	Blood For Dracula (Andy Warhol's Dracula)	
667	Audrey Rose	Audrey Rose (1977)
668	Blood Beach	Blood Beach (1981)
669	Body Parts	Body Parts (1991)
670	Body Snatchers	Invasion of the Body Snatchers (1956)
671	Bride of Frankenstein	
672	Candyman	Candyman 3 Day of the Dead (1999)
673	Cape Fear	
674	Cat People	Cat People (1982)
675	Nosferatu (Nosferatu, eine Symphonie des Grauens)	
676	Crucible, The	
677	Fire on the Mountain	
678	Volcano	Volcano (1997)
679	Conan the Barbarian	Conan the Barbarian (1982)
680	Kull the Conqueror	Kull the Conqueror (1997)
681	Wishmaster	Wishmaster (1997)
682	I Know What You Did Last Summer	I Know What You Did Last Summer (1997)
683	Rocket Man	
684	In the Line of Fire	In the Line of Fire (1993)
685	Executive Decision	Executive Decision (1996)
686	Perfect World, A	
687	McHale's Navy	McHale's Navy (1997)
688	Leave It to Beaver	Leave It to Beaver (1997)
689	Jackal, The	
690	Seven Years in Tibet	
691	Dark City	Dark City (1998)
692	American President, The	
693	Casino	Casino Royale (1967)
694	Persuasion	Friendly Persuasion (1956)
695	Kicking and Screaming	
696	City Hall	
697	Basketball Diaries, The	Basketball Diaries, The (1995)
698	Browning Version, The	
699	Little Women	Little Women (1994)
700	Miami Rhapsody	Miami Rhapsody (1995)
701	Wonderful, Horrible Life of Leni Riefenstahl, The	
702	Barcelona	Barcelona (1994)
703	Widows' Peak	Widows' Peak (1994)
704	House of the Spirits, The	
705	Singin' in the Rain	Singin' in the Rain (1952)
706	Bad Moon	
707	Enchanted April	Enchanted April (1992)
708	Sex, Lies, and Videotape	Sex, Lies, and Videotape (1989)
709	Strictly Ballroom	Strictly Ballroom (1992)
710	Better Off Dead...	
711	Substance of Fire, The	
712	Tin Men	Tin Men (1987)
713	Othello	
714	Carrington	
715	To Die For	To Die For (1995)
716	Home for the Holidays	
717	Juror, The	
718	In the Bleak Midwinter	In the Bleak Midwinter (1995)
719	Canadian Bacon	Canadian Bacon (1995)
720	First Knight	First Knight (1995)
721	Mallrats	Mallrats (1995)
722	Nine Months	Nine Months (1995)
723	Boys on the Side	Boys on the Side (1995)
724	Circle of Friends	Circle of Friends (1995)
725	Exit to Eden	Exit to Eden (1994)
726	Fluke	Fluke (1995)
727	Immortal Beloved	Immortal Beloved (1994)
728	Junior	Junior (1994)
729	Nell	Nelly & Monsieur Arnaud (1995)
730	Queen Margot (Reine Margot, La)	
731	Corrina, Corrina	Corrina, Corrina (1994)
732	Dave	Dave (1993)
733	Go Fish	Go Fish (1994)
734	Made in America	
735	Philadelphia	Philadelphia (1993)
736	Shadowlands	
737	Sirens	
738	Threesome	Threesome (1994)
739	Pretty Woman	Pretty Woman (1990)
740	Jane Eyre	
741	Last Supper, The	
742	Ransom	King's Ransom (2005)
743	Crow: City of Angels, The	
744	Michael Collins	Michael Collins (1996)
745	Ruling Class, The	
746	Real Genius	Real Genius (1985)
747	Benny & Joon	Benny & Joon (1993)
748	Saint, The	
749	MatchMaker, The	
750	Amistad	Amistad (1997)
751	Tomorrow Never Dies	Tomorrow Never Dies (1997)
752	Replacement Killers, The	
753	Burnt By the Sun	
754	Red Corner	Red Corner (1997)
755	Jumanji	Jumanji (1995)
756	Father of the Bride Part II	Father of the Bride Part II (1995)
757	Across the Sea of Time	
758	Lawnmower Man 2: Beyond Cyberspace	
759	Fair Game	
760	Screamers	
761	Nick of Time	Nick of Time (1995)
762	Beautiful Girls	Beautiful Girls (1996)
763	Happy Gilmore	Happy Gilmore (1996)
764	If Lucy Fell	If Lucy Fell (1996)
765	Boomerang	
766	Man of the Year	
767	Addiction, The	
768	Casper	Casper Meets Wendy (1998)
769	Congo	Congo (1995)
770	Devil in a Blue Dress	Devil in a Blue Dress (1995)
771	Johnny Mnemonic	Johnny Mnemonic (1995)
772	Kids	Honey, I Shrunk the Kids (1989)
773	Mute Witness	Mute Witness (1994)
774	Prophecy, The	
775	Something to Talk About	Something to Talk About (1995)
776	Three Wishes	Three Wishes (1995)
777	Castle Freak	Castle Freak (1995)
778	Don Juan DeMarco	Don Juan DeMarco (1995)
779	Drop Zone	Drop Zone (1994)
780	Dumb & Dumber	
781	French Kiss	
782	Little Odessa	
783	Milk Money	Milk Money (1994)
784	Beyond Bedlam	
785	Only You	
786	Perez Family, The	
787	Roommates	
788	Relative Fear	Relative Fear (1994)
789	Swimming with Sharks	Swimming with Sharks (1995)
790	Tommy Boy	Tommy Boy (1995)
791	Baby-Sitters Club, The	
792	Bullets Over Broadway	Bullets Over Broadway (1994)
793	Crooklyn	Crooklyn (1994)
794	It Could Happen to You	It Could Happen to You (1994)
795	Richie Rich	Richie Rich (1994)
796	Speechless	
797	Timecop	Timecop (1994)
798	Bad Company	
799	Boys Life	Boys Life (1995)
800	In the Mouth of Madness	In the Mouth of Madness (1995)
801	Air Up There, The	
802	Hard Target	Hard Target (1993)
803	Heaven & Earth	
804	Jimmy Hollywood	Jimmy Hollywood (1994)
805	Manhattan Murder Mystery	Manhattan Murder Mystery (1993)
806	Menace II Society	Menace II Society (1993)
807	Poetic Justice	Poetic Justice (1993)
808	Program, The	
809	Rising Sun	Rising Sun (1993)
810	Shadow, The	
811	Thirty-Two Short Films About Glenn Gould	Thirty-Two Short Films About Glenn Gould (1993)
812	Andre	Andre (1994)
813	Celluloid Closet, The	
814	Great Day in Harlem, A	
815	One Fine Day	
816	Candyman: Farewell to the Flesh	
817	Frisk	Frisk (1995)
818	Girl 6	Girl 6 (1996)
819	Eddie	Eddie Murphy Raw (1987)
820	Space Jam	Space Jam (1996)
821	Mrs. Winterbourne	Mrs. Winterbourne (1996)
822	Faces	Angels with Dirty Faces (1938)
823	Mulholland Falls	Mulholland Falls (1996)
824	Great White Hype, The	
825	Arrival, The	
826	Phantom, The	
827	Daylight	
828	Alaska	Mystery, Alaska (1999)
829	Fled	Fled (1996)
830	Power 98	
831	Escape from L.A.	Escape from L.A. (1996)
832	Bogus	Bogus (1996)
833	Bulletproof	Bulletproof Monk (2003)
834	Halloween: The Curse of Michael Myers	
835	Gay Divorcee, The	
836	Ninotchka	Ninotchka (1939)
837	Meet John Doe	Meet John Doe (1941)
838	In the Line of Duty 2	
839	Loch Ness	Incident at Loch Ness (2004)
840	Last Man Standing	
841	Glimmer Man, The	
842	Pollyanna	Pollyanna (1960)
843	Shaggy Dog, The	
844	Freeway	
845	That Thing You Do!	That Thing You Do! (1996)
846	To Gillian on Her 37th Birthday	To Gillian on Her 37th Birthday (1996)
847	Looking for Richard	Looking for Richard (1996)
848	Murder, My Sweet	
849	Days of Thunder	Days of Thunder (1990)
850	Perfect Candidate, A	
851	Two or Three Things I Know About Her	
852	Bloody Child, The	
853	Braindead	
854	Bad Taste	Bad Taste (1987)
855	Diva	
856	Night on Earth	Night on Earth (1991)
857	Paris Was a Woman	
858	Amityville: Dollhouse	
859	April Fool's Day	April Fool's Day (1986)
860	Believers, The	
861	Nosferatu a Venezia	
862	Jingle All the Way	Jingle All the Way (1996)
863	Garden of Finzi-Contini, The (Giardino dei Finzi-Contini, Il)	
864	My Fellow Americans	My Fellow Americans (1996)
865	Ice Storm, The	
866	Michael	Halloween 4 The Return of Michael Myers (1988)
867	Whole Wide World, The	
868	Hearts and Minds	Hearts and Minds (1996)
869	Fools Rush In	Fools Rush In (1997)
870	Touch	Touch of Pink (2004)
871	Vegas Vacation	
872	Love Jones	Love Jones (1997)
873	Picture Perfect	
874	Career Girls	Career Girls (1997)
875	She's So Lovely	She's So Lovely (1997)
876	Money Talks	
877	Excess Baggage	
878	That Darn Cat!	That Darn Cat! (1965)
879	Peacemaker, The	
880	Soul Food	Soul Food (1997)
881	Money Talks	
882	Washington Square	Washington Square (1997)
883	Telling Lies in America	
884	Year of the Horse	Year of the Horse (1997)
885	Phantoms	Phantoms (1998)
886	Life Less Ordinary, A	
887	Eve's Bayou	Eve's Bayou (1997)
888	One Night Stand	
889	Tango Lesson, The	
890	Mortal Kombat: Annihilation	
891	Bent	
892	Flubber	Flubber (1997)
893	For Richer or Poorer	For Richer or Poorer (1997)
894	Home Alone 3	Home Alone 3 (1997)
895	Scream 2	Scream 2 (1997)
896	Sweet Hereafter, The	
897	Time Tracers	
898	Postman, The	
899	Winter Guest, The	
900	Kundun	Kundun (1997)
901	Mr. Magoo	Mr. Magoo (1997)
902	Big Lebowski, The	
903	Afterglow	
904	Ma vie en rose (My Life in Pink)	
905	Great Expectations	
906	Oscar & Lucinda	
907	Vermin	
908	Half Baked	Half Baked (1998)
909	Dangerous Beauty	Dangerous Beauty (1998)
910	Nil By Mouth	
911	Twilight	Twilight Zone The Movie (1983)
912	U.S. Marshalls	
913	Love and Death on Long Island	Love and Death on Long Island (1997)
914	Wild Things	Wild Things (1998)
915	Primary Colors	Primary Colors (1998)
916	Lost in Space	Lost in Space (1998)
917	Mercury Rising	Mercury Rising (1998)
918	City of Angels	City of Angels (1998)
919	City of Lost Children, The	
920	Two Bits	
921	Farewell My Concubine	
922	Dead Man	Dead Man Walking (1995)
923	Raise the Red Lantern	
924	White Squall	White Squall (1996)
925	Unforgettable	
926	Down Periscope	Down Periscope (1996)
927	Flower of My Secret, The (Flor de mi secreto, La)	
928	Craft, The	
929	Harriet the Spy	Harriet the Spy (1996)
930	Chain Reaction	
931	Island of Dr. Moreau, The	
932	First Kid	First Kid (1996)
933	Funeral, The	
934	Preacher's Wife, The	
935	Paradise Road	Paradise Road (1997)
936	Brassed Off	Brassed Off (1996)
937	Thousand Acres, A	
938	Smile Like Yours, A	
939	Murder in the First	Murder in the First (1995)
940	Airheads	Airheads (1994)
941	With Honors	With Honors (1994)
942	What's Love Got to Do with It	
943	Killing Zoe	Killing Zoe (1994)
944	Renaissance Man	Renaissance Man (1994)
945	Charade	
946	Fox and the Hound, The	
947	Big Blue, The (Grand bleu, Le)	
948	Booty Call	Booty Call (1997)
949	How to Make an American Quilt	How to Make an American Quilt (1995)
950	Georgia	
951	Indian in the Cupboard, The	
952	Blue in the Face	Blue in the Face (1995)
953	Unstrung Heroes	Unstrung Heroes (1995)
954	Unzipped	Unzipped (1995)
955	Before Sunrise	Before Sunrise (1995)
956	Nobody's Fool	
957	Pushing Hands	
958	To Live (Huozhe)	
959	Dazed and Confused	Dazed and Confused (1993)
960	Naked	Naked Gun 33 13 The Final Insult (1994)
961	Orlando	Orlando (1992)
962	Ruby in Paradise	Ruby in Paradise (1993)
963	Some Folks Call It a Sling Blade	Some Folks Call It a Sling Blade (1993)
964	Month by the Lake, A	
965	Funny Face	Funny Face (1957)
966	Affair to Remember, An	
967	Little Lord Fauntleroy	
968	Inspector General, The	
969	Winnie the Pooh and the Blustery Day	Winnie the Pooh and the Blustery Day (1968)
970	Hear My Song	Hear My Song (1991)
971	Mediterraneo	Mediterraneo (1991)
972	Passion Fish	Passion Fish (1992)
973	Grateful Dead	
974	Eye for an Eye	
975	Fear	Fear of a Black Hat (1994)
976	Solo	King Solomon's Mines (1937)
977	Substitute, The	
978	Heaven's Prisoners	Heaven's Prisoners (1996)
979	Trigger Effect, The	
980	Mother Night	Mother Night (1996)
981	Dangerous Ground	
982	Maximum Risk	Maximum Risk (1996)
983	Rich Man's Wife, The	
984	Shadow Conspiracy	Shadow Conspiracy (1997)
985	Blood & Wine	
986	Turbulence	
987	Underworld	Underworld Evolution (2006)
988	Beautician and the Beast, The	
989	Cats Don't Dance	Cats Don't Dance (1997)
990	Anna Karenina	Anna Karenina (1997)
991	Keys to Tulsa	
992	Head Above Water	Head Above Water (1996)
993	Hercules	
994	Last Time I Committed Suicide, The	
995	Kiss Me, Guido	Kiss Me, Guido (1997)
996	Big Green, The	
997	Stuart Saves His Family	Stuart Saves His Family (1995)
998	Cabin Boy	Cabin Boy (1994)
999	Clean Slate	Clean Slate (1994)
1000	Lightning Jack	Lightning Jack (1994)
1001	Stupids, The	
1002	Pest, The	
1003	That Darn Cat!	That Darn Cat! (1965)
1004	Geronimo: An American Legend	
1005	Double vie de Véronique, La (Double Life of Veronique, The)	
1006	Until the End of the World (Bis ans Ende der Welt)	
1007	Waiting for Guffman	Waiting for Guffman (1996)
1008	I Shot Andy Warhol	I Shot Andy Warhol (1996)
1009	Stealing Beauty	Stealing Beauty (1996)
1010	Basquiat	Basquiat (1996)
1011	2 Days in the Valley	2 Days in the Valley (1996)
1012	Private Parts	Private Parts (1997)
1013	Anaconda	Anacondas The Hunt for the Blood Orchid (2004)
1014	Romy and Michele's High School Reunion	Romy and Michele's High School Reunion (1997)
1015	Shiloh	Shiloh (1997)
1016	Con Air	Con Air (1997)
1017	Trees Lounge	Trees Lounge (1996)
1018	Tie Me Up! Tie Me Down!	
1019	Die xue shuang xiong (Killer, The)	
1020	Gaslight	
1021	8 1/2	
1022	Fast, Cheap & Out of Control	Fast, Cheap & Out of Control (1997)
1023	Fathers' Day	
1024	Mrs. Dalloway	
1025	Fire Down Below	
1026	Lay of the Land, The	
1027	Shooter, The	
1028	Grumpier Old Men	Grumpier Old Men (1995)
1029	Jury Duty	Jury Duty (1995)
1030	Beverly Hillbillies, The	Beverly Hillbillies, The (1993)
1031	Lassie	Lassie (1994)
1032	Little Big League	Little Big League (1994)
1033	Homeward Bound II: Lost in San Francisco	
1034	Quest, The	
1035	Cool Runnings	Cool Runnings (1993)
1036	Drop Dead Fred	Drop Dead Fred (1991)
1037	Grease 2	Grease 2 (1982)
1038	Switchback	Switchback (1997)
1039	Hamlet	Hamlet (1990)
1040	Two if by Sea	
1041	Forget Paris	Forget Paris (1995)
1042	Just Cause	Just Cause (1995)
1043	Rent-a-Kid	Rent-a-Kid (1995)
1044	Paper, The	
1045	Fearless	
1046	Malice	Absence of Malice (1981)
1047	Multiplicity	Multiplicity (1996)
1048	She's the One	She's the One (1996)
1049	House Arrest	
1050	Ghost and Mrs. Muir, The	
1051	Associate, The	
1052	Dracula: Dead and Loving It	
1053	Now and Then	Now and Then (1995)
1054	Mr. Wrong	Mr. Wrong (1996)
1055	Simple Twist of Fate, A	
1056	Cronos	
1057	Pallbearer, The	
1058	War, The	
1059	Don't Be a Menace to South Central While Drinking Your Juice in the Hood	Don't Be a Menace to South Central While Drinking Your Juice in the Hood (1996)
1060	Adventures of Pinocchio, The	
1061	Evening Star, The	
1062	Four Days in September	
1063	Little Princess, A	
1064	Crossfire	Crossfire (1947)
1065	Koyaanisqatsi	
1066	Balto	Balto (1995)
1067	Bottle Rocket	Bottle Rocket (1996)
1068	Star Maker, The (Uomo delle stelle, L')	
1069	Amateur	
1070	Living in Oblivion	Living in Oblivion (1995)
1071	Party Girl	
1072	Pyromaniac's Love Story, A	
1073	Shallow Grave	Shallow Grave (1994)
1074	Reality Bites	Reality Bites (1994)
1075	Man of No Importance, A	
1076	Pagemaster, The	
1077	Love and a .45	Love and a .45 (1994)
1078	Oliver & Company	Oliver & Company (1988)
1079	Joe's Apartment	Joe's Apartment (1996)
1080	Celestial Clockwork	
1081	Curdled	
1082	Female Perversions	Female Perversions (1996)
1083	Albino Alligator	Albino Alligator (1996)
1084	Anne Frank Remembered	Anne Frank Remembered (1995)
1085	Carried Away	
1086	It's My Party	It's My Party (1996)
1087	Bloodsport 2	
1088	Double Team	Double Team (1997)
1089	Speed 2: Cruise Control	
1090	Sliver	Sliver (1993)
1091	Pete's Dragon	Pete's Dragon (1977)
1092	Dear God	Dear God (1996)
1093	Live Nude Girls	Live Nude Girls (1995)
1094	Thin Line Between Love and Hate, A	
1095	High School High	High School High (1996)
1096	Commandments	
1097	Hate (Haine, La)	
1098	Flirting With Disaster	Flirting With Disaster (1996)
1099	Red Firecracker, Green Firecracker	
1100	What Happened Was...	What Happened Was... (1994)
1101	Six Degrees of Separation	Six Degrees of Separation (1993)
1102	Two Much	Two Much (1995)
1103	Trust	
1104	C'est arrivé près de chez vous	
1105	Firestorm	
1106	Newton Boys, The	
1107	Beyond Rangoon	Beyond Rangoon (1995)
1108	Feast of July	
1109	Death and the Maiden	Death and the Maiden (1994)
1110	Tank Girl	Tank Girl (1995)
1111	Double Happiness	Double Happiness (1994)
1112	Cobb	Cobb (1994)
1113	Mrs. Parker and the Vicious Circle	Mrs. Parker and the Vicious Circle (1994)
1114	Faithful	
1115	Twelfth Night	
1116	Mark of Zorro, The	
1117	Surviving Picasso	
1118	Up in Smoke	Cheech and Chong's Up in Smoke (1978)
1119	Some Kind of Wonderful	Some Kind of Wonderful (1987)
1120	I'm Not Rappaport	
1121	Umbrellas of Cherbourg, The (Parapluies de Cherbourg, Les)	
1122	They Made Me a Criminal	
1123	Last Time I Saw Paris, The	
1124	Farewell to Arms, A	
1125	Innocents, The	
1126	Old Man and the Sea, The	
1127	Truman Show, The	
1128	Heidi Fleiss: Hollywood Madam	
1129	Chungking Express	
1130	Jupiter's Wife	
1131	Safe	Fail-Safe (1964)
1132	Feeling Minnesota	Feeling Minnesota (1996)
1133	Escape to Witch Mountain	Escape to Witch Mountain (1975)
1134	Get on the Bus	Get on the Bus (1996)
1135	Doors, The	
1136	Ghosts of Mississippi	Ghosts of Mississippi (1996)
1137	Beautiful Thing	Beautiful Thing (1996)
1138	Best Men	Best Men (1997)
1139	Hackers	Hackers (1995)
1140	Road to Wellville, The	
1141	War Room, The	
1142	When We Were Kings	When We Were Kings (1996)
1143	Hard Eight	
1144	Quiet Room, The	
1145	Blue Chips	Blue Chips (1994)
1146	Calendar Girl	Calendar Girls (2003)
1147	My Family	My Family (1995)
1148	Tom & Viv	Tom & Viv (1994)
1149	Walkabout	Walkabout (1971)
1150	Last Dance	Save the Last Dance (2001)
1151	Original Gangstas	
1152	In Love and War	
1153	Backbeat	Backbeat (1993)
1154	Alphaville	
1155	Rendezvous in Paris (Rendez-vous de Paris, Les)	
1156	Cyclo	
1157	Relic, The	
1158	Fille seule, La (A Single Girl)	
1159	Stalker	
1160	Love! Valour! Compassion!	
1161	Palookaville	Palookaville (1996)
1162	Phat Beach	
1163	Portrait of a Lady, The	
1164	Zeus and Roxanne	Zeus and Roxanne (1997)
1165	Big Bully	Big Bully (1996)
1166	Love & Human Remains	Love & Human Remains (1993)
1167	Sum of Us, The	Sum of Us, The (1994)
1168	Little Buddha	Little Buddha (1993)
1169	Fresh	
1170	Spanking the Monkey	Spanking the Monkey (1994)
1171	Wild Reeds	
1172	Women, The	
1173	Bliss	
1174	Caught	
1175	Hugo Pool	
1176	Welcome To Sarajevo	
1177	Dunston Checks In	Dunston Checks In (1996)
1178	Major Payne	Major Payne (1995)
1179	Man of the House	
1180	I Love Trouble	I Love Trouble (1994)
1181	Low Down Dirty Shame, A	
1182	Cops and Robbersons	Cops and Robbersons (1994)
1183	Cowboy Way, The	
1184	Endless Summer 2, The	
1185	In the Army Now	In the Army Now (1994)
1186	Inkwell, The	
1187	Switchblade Sisters	
1188	Young Guns II	Young Guns II (1990)
1189	Prefontaine	Prefontaine (1997)
1190	That Old Feeling	
1191	Letter From Death Row, A	
1192	Boys of St. Vincent, The	
1193	Before the Rain (Pred dozhdot)	
1194	Once Were Warriors	Once Were Warriors (1994)
1195	Strawberry and Chocolate (Fresa y chocolate)	
1196	Savage Nights (Nuits fauves, Les)	
1197	Family Thing, A	
1198	Purple Noon	
1199	Cemetery Man (Dellamorte Dellamore)	
1200	Kim	
1201	Marlene Dietrich: Shadow and Light	
1202	Maybe, Maybe Not (Bewegte Mann, Der)	
1203	Top Hat	Top Hat (1935)
1204	To Be or Not to Be	
1205	Secret Agent, The	
1206	Amos & Andrew	Amos & Andrew (1993)
1207	Jade	
1208	Kiss of Death	Kiss of Death (1995)
1209	Mixed Nuts	Mixed Nuts (1994)
1210	Virtuosity	Virtuosity (1995)
1211	Blue Sky	
1212	Flesh and Bone	Flesh and Bone (1993)
1213	Guilty as Sin	
1214	In the Realm of the Senses (Ai no corrida)	
1215	Barb Wire	Barb Wire (1996)
1216	Kissed	Never Been Kissed (1999)
1217	Assassins	
1218	Friday	Friday the 13th Part 3 3D (1982)
1219	Goofy Movie, A	
1220	Higher Learning	Higher Learning (1995)
1221	When a Man Loves a Woman	When a Man Loves a Woman (1994)
1222	Judgment Night	Judgment Night (1993)
1223	King of the Hill	
1224	Scout, The	Scout, The (1994)
1225	Angus	Angus (1995)
1226	Night Falls on Manhattan	
1227	Awfully Big Adventure, An	
1228	Under Siege 2: Dark Territory	
1229	Poison Ivy II	Poison Ivy II (1996)
1230	Ready to Wear (Pret-A-Porter)	
1231	Marked for Death	Marked for Death (1990)
1232	Madonna: Truth or Dare	
1233	Nénette et Boni	
1234	Chairman of the Board	Chairman of the Board (1998)
1235	Big Bang Theory, The	
1236	Other Voices, Other Rooms	
1237	Twisted	
1238	Full Speed	
1239	Cutthroat Island	Cutthroat Island (1995)
1240	Ghost in the Shell (Kokaku kidotai)	
1241	Van, The	
1242	Old Lady Who Walked in the Sea, The (Vieille qui marchait dans la mer, La)	
1243	Night Flier	
1244	Metro	Metropolis (2001)
1245	Gridlock'd	Gridlock'd (1997)
1246	Bushwhacked	Bushwhacked (1995)
1247	Bad Girls	
1248	Blink	
1249	For Love or Money	
1250	Best of the Best 3: No Turning Back	
1251	A Chef in Love	
1252	Contempt (Mépris, Le)	
1253	Tie That Binds, The	
1254	Gone Fishin'	Gone Fishin' (1997)
1255	Broken English	
1256	Designated Mourner, The	
1257	Designated Mourner, The	
1258	Trial and Error	
1259	Pie in the Sky	Pie in the Sky (1996)
1260	Total Eclipse	Total Eclipse (1995)
1261	Run of the Country, The	
1262	Walking and Talking	Walking and Talking (1996)
1263	Foxfire	Foxfire (1996)
1264	Nothing to Lose	
1265	Star Maps	Star Maps (1997)
1266	Bread and Chocolate (Pane e cioccolata)	
1267	Clockers	Clockers (1995)
1268	Bitter Moon	Bitter Moon (1992)
1269	Love in the Afternoon	Love in the Afternoon (1957)
1270	Life with Mikey	Life with Mikey (1993)
1271	North	North by Northwest (1959)
1272	Talking About Sex	
1273	Color of Night	Color of Night (1994)
1274	Robocop 3	
1275	Killer (Bulletproof Heart)	
1276	Sunset Park	Sunset Park (1996)
1277	Set It Off	Set It Off (1996)
1278	Selena	Selena (1997)
1279	Wild America	Wild America (1997)
1280	Gang Related	Gang Related (1997)
1281	Manny & Lo	
1282	Grass Harp, The	
1283	Out to Sea	Out to Sea (1997)
1284	Before and After	Before and After (1996)
1285	Princess Caraboo	Princess Caraboo (1994)
1286	Shall We Dance?	
1287	Ed	Ed Wood (1994)
1288	Denise Calls Up	Denise Calls Up (1995)
1289	Jack and Sarah	Jack and Sarah (1995)
1290	Country Life	
1291	Celtic Pride	Celtic Pride (1996)
1292	Simple Wish, A	
1293	Star Kid	
1294	Ayn Rand: A Sense of Life	
1295	Kicked in the Head	
1296	Indian Summer	
1297	Love Affair	Love Affair (1994)
1298	Band Wagon, The	
1299	Penny Serenade	Penny Serenade (1941)
1300	'Til There Was You	'Til There Was You (1997)
1301	Stripes	Racing Stripes (2005)
1302	Late Bloomers	
1303	Getaway, The	
1304	New York Cop	
1305	National Lampoon's Senior Trip	National Lampoon's Senior Trip (1995)
1306	Delta of Venus	Delta of Venus (1995)
1307	Carmen Miranda: Bananas Is My Business	
1308	Babyfever	
1309	Very Natural Thing, A	
1310	Walk in the Sun, A	
1311	Waiting to Exhale	Waiting to Exhale (1995)
1312	Pompatus of Love, The	
1313	Palmetto	Palmetto (1998)
1314	Surviving the Game	Surviving the Game (1994)
1315	Inventing the Abbotts	Inventing the Abbotts (1997)
1316	Horse Whisperer, The	
1317	Journey of August King, The	
1318	Catwalk	Catwalk (1996)
1319	Neon Bible, The	
1320	Homage	
1321	Open Season	
1322	Metisse (Café au Lait)	
1323	Wooden Man's Bride, The (Wu Kui)	
1324	Loaded	Herbie Fully Loaded (2005)
1325	August	
1326	Boys	Boys Life (1995)
1327	Captives	
1328	Of Love and Shadows	
1329	Low Life, The	
1330	An Unforgettable Summer	
1331	Last Klezmer: Leopold Kozlowski, His Life and Music, The	
1332	My Life and Times With Antonin Artaud (En compagnie d'Antonin Artaud)	
1333	Midnight Dancers (Sibak)	
1334	Somebody to Love	
1335	American Buffalo	American Buffalo (1996)
1336	Kazaam	Kazaam (1996)
1337	Larger Than Life	Larger Than Life (1996)
1338	Two Deaths	
1339	Stefano Quantestorie	
1340	Crude Oasis, The	
1341	Hedd Wyn	
1342	Convent, The (Convento, O)	
1343	Lotto Land	
1344	Story of Xinghua, The	
1345	Day the Sun Turned Cold, The (Tianguo niezi)	
1346	Dingo	
1347	Ballad of Narayama, The (Narayama Bushiko)	
1348	Every Other Weekend	
1349	Mille bolle blu	
1350	Crows and Sparrows	
1351	Lover's Knot	
1352	Shadow of Angels (Schatten der Engel)	
1353	1-900	
1354	Venice/Venice	
1355	Infinity	
1356	Ed's Next Move	
1357	For the Moment	
1358	The Deadly Cure	
1359	Boys in Venice	
1360	Sexual Life of the Belgians, The	
1361	Search for One-eye Jimmy, The	
1362	American Strays	
1363	Leopard Son, The	
1364	Bird of Prey	
1365	Johnny 100 Pesos	
1366	JLG/JLG - autoportrait de décembre	
1367	Faust	Faust (1926)
1368	Mina Tannenbaum	Mina Tannenbaum (1994)
1369	Forbidden Christ, The (Cristo proibito, Il)	
1370	I Can't Sleep (J'ai pas sommeil)	
1371	Machine, The	
1372	Stranger, The	
1373	Good Morning	Good Morning, Vietnam (1987)
1374	Falling in Love Again	
1375	Cement Garden, The	
1376	Meet Wally Sparks	Meet Wally Sparks (1997)
1377	Hotel de Love	
1378	Rhyme & Reason	
1379	Love and Other Catastrophes	Love and Other Catastrophes (1996)
1380	Hollow Reed	
1381	Losing Chase	
1382	Bonheur, Le	
1383	Second Jungle Book: Mowgli & Baloo, The	
1384	Squeeze	
1385	Roseanna's Grave (For Roseanna)	
1386	Tetsuo II: Body Hammer	
1387	Fall	Falling Down (1993)
1388	Gabbeh	
1389	Mondo	
1390	Innocent Sleep, The	
1391	For Ever Mozart	
1392	Locusts, The	
1393	Stag	Stage Beauty (2004)
1394	Swept from the Sea	Swept from the Sea (1997)
1395	Hurricane Streets	Hurricane Streets (1997)
1396	Stonewall	
1397	Of Human Bondage	Of Human Bondage (1934)
1398	Anna	Anna Karenina (1997)
1399	Stranger in the House	Stranger in the House (1997)
1400	Picture Bride	
1401	M. Butterfly	M. Butterfly (1993)
1402	Ciao, Professore!	
1403	Caro Diario (Dear Diary)	
1404	Withnail and I	
1405	Boy's Life 2	
1406	When Night Is Falling	When Night Is Falling (1995)
1407	Specialist, The	
1408	Gordy	Gordy (1995)
1409	Swan Princess, The	
1410	Harlem	Harlem Nights (1989)
1411	Barbarella	Barbarella (1968)
1412	Land Before Time III: The Time of the Great Giving (1995)	
1413	Street Fighter	
1414	Coldblooded	
1415	Next Karate Kid, The	
1416	No Escape	
1417	Turning, The	
1418	Joy Luck Club, The	
1419	Highlander III: The Sorcerer	
1420	Gilligan's Island: The Movie	
1421	My Crazy Life (Mi vida loca)	
1422	Suture	Suture (1993)
1423	Walking Dead, The	
1424	I Like It Like That	I Like It Like That (1994)
1425	I'll Do Anything	I'll Do Anything (1994)
1426	Grace of My Heart	Grace of My Heart (1996)
1427	Drunks	Drunks (1995)
1428	SubUrbia	SubUrbia (1997)
1429	Sliding Doors	Sliding Doors (1998)
1430	Ill Gotten Gains	
1431	Legal Deceit	
1432	Mighty, The	
1433	Men of Means	
1434	Shooting Fish	Shooting Fish (1997)
1435	Steal Big, Steal Little	Steal Big, Steal Little (1995)
1436	Mr. Jones	
1437	House Party 3	House Party 3 (1994)
1438	Panther	Revenge of the Pink Panther (1978)
1439	Jason's Lyric	Jason's Lyric (1994)
1440	Above the Rim	Above the Rim (1994)
1441	Moonlight and Valentino	
1442	Scarlet Letter, The	
1443	8 Seconds	8 Seconds (1994)
1444	That Darn Cat!	That Darn Cat! (1965)
1445	Ladybird Ladybird	Ladybird Ladybird (1994)
1446	Bye Bye, Love	
1447	Century	Twentieth Century (1934)
1448	My Favorite Season	
1449	Pather Panchali	
1450	Golden Earrings	
1451	Foreign Correspondent	Foreign Correspondent (1940)
1452	Lady of Burlesque	
1453	Angel on My Shoulder	
1454	Angel and the Badman	
1455	Outlaw, The	
1456	Beat the Devil	Beat the Devil (1953)
1457	Love Is All There Is	
1458	Damsel in Distress, A	
1459	Madame Butterfly	
1460	Sleepover	
1461	Here Comes Cookie	
1462	Thieves (Voleurs, Les)	
1463	Boys, Les	
1464	Stars Fell on Henrietta, The	
1465	Last Summer in the Hamptons	
1466	Margaret's Museum	
1467	Saint of Fort Washington, The	
1468	Cure, The	
1469	Tom and Huck	Tom and Huck (1995)
1470	Gumby: The Movie	
1471	Hideaway	
1472	Visitors, The (Visiteurs, Les)	
1473	Little Princess, The	
1474	Nina Takes a Lover	Nina Takes a Lover (1994)
1475	Bhaji on the Beach	Bhaji on the Beach (1993)
1476	Raw Deal	Raw Deal (1986)
1477	Nightwatch	
1478	Dead Presidents	Dead Presidents (1995)
1479	Reckless	
1480	Herbie Rides Again	Herbie Rides Again (1974)
1481	S.F.W.	S.F.W. (1994)
1482	Gate of Heavenly Peace, The	
1483	Man in the Iron Mask, The	
1484	Jerky Boys, The	
1485	Colonel Chabert, Le	
1486	Girl in the Cadillac	
1487	Even Cowgirls Get the Blues	Even Cowgirls Get the Blues (1993)
1488	Germinal	
1489	Chasers	Chasers (1994)
1490	Fausto	
1491	Tough and Deadly	
1492	Window to Paris	
1493	Modern Affair, A	
1494	Mostro, Il	
1495	Flirt	Flirting (1991)
1496	Carpool	Carpool (1996)
1497	Line King: Al Hirschfeld, The	
1498	Farmer & Chase	
1499	Grosse Fatigue	
1500	Santa with Muscles	
1501	Prisoner of the Mountains (Kavkazsky Plennik)	
1502	Naked in New York	
1503	Gold Diggers: The Secret of Bear Mountain	
1504	Bewegte Mann, Der	
1505	Killer: A Journal of Murder	
1506	Nelly & Monsieur Arnaud	Nelly & Monsieur Arnaud (1995)
1507	Three Lives and Only One Death	
1508	Babysitter, The	
1509	Getting Even with Dad	Getting Even with Dad (1994)
1510	Mad Dog Time	
1511	Children of the Revolution	Children of the Revolution (1996)
1512	World of Apu, The (Apur Sansar)	
1513	Sprung	
1514	Dream With the Fishes	
1515	Wings of Courage	
1516	Wedding Gift, The	
1517	Race the Sun	
1518	Losing Isaiah	Losing Isaiah (1995)
1519	New Jersey Drive	New Jersey Drive (1995)
1520	Fear, The	
1521	Mr. Wonderful	Mr. Wonderful (1993)
1522	Trial by Jury	
1523	Good Man in Africa, A	
1524	Kaspar Hauser	
1525	Object of My Affection, The	
1526	Witness	Witness for the Prosecution (1957)
1527	Senseless	Senseless (1998)
1528	Nowhere	Camp Nowhere (1994)
1529	Underground	
1530	Jefferson in Paris	Jefferson in Paris (1995)
1531	Far From Home: The Adventures of Yellow Dog	
1532	Foreign Student	
1533	I Don't Want to Talk About It (De eso no se habla)	
1534	Twin Town	
1535	Enfer, L'	
1536	Aiqing wansui	
1537	Cosi	
1538	All Over Me	
1539	Being Human	
1540	Amazing Panda Adventure, The	
1541	Beans of Egypt, Maine, The	
1542	Scarlet Letter, The	
1543	Johns	Jeremiah Johnson (1972)
1544	It Takes Two	
1545	Frankie Starlight	
1546	Shadows (Cienie)	
1547	Show, The	
1548	The Courtyard	
1549	Dream Man	
1550	Destiny Turns on the Radio	Destiny Turns on the Radio (1995)
1551	Glass Shield, The	
1552	Hunted, The	
1553	Underneath, The	
1554	Safe Passage	
1555	Secret Adventures of Tom Thumb, The	
1556	Condition Red	
1557	Yankee Zulu	
1558	Aparajito	
1559	Hostile Intentions	
1560	Clean Slate (Coup de Torchon)	
1561	Tigrero: A Film That Was Never Made	
1562	Eye of Vichy, The (Oeil de Vichy, L')	
1563	Promise, The (Versprechen, Das)	
1564	To Cross the Rubicon	
1565	Daens	
1566	Man from Down Under, The	
1567	Careful	
1568	Vermont Is For Lovers	
1569	Vie est belle, La (Life is Rosey)	
1570	Quartier Mozart	
1571	Touki Bouki (Journey of the Hyena)	
1572	Wend Kuuni (God's Gift)	
1573	Spirits of the Dead (Tre passi nel delirio)	
1574	Pharaoh's Army	
1575	I, Worst of All (Yo, la peor de todas)	
1576	Hungarian Fairy Tale, A	
1577	Death in the Garden (Mort en ce jardin, La)	
1578	Collectionneuse, La	
1579	Baton Rouge	
1580	Liebelei	
1581	Woman in Question, The	
1582	T-Men	
1583	Invitation, The (Zaproszenie)	
1584	Symphonie pastorale, La	
1585	American Dream	American Dreamz (2006)
1586	Lashou shentan	
1587	Terror in a Texas Town	
1588	Salut cousin!	
1589	Schizopolis	Schizopolis (1996)
1590	To Have, or Not	
1591	Duoluo tianshi	
1592	Magic Hour, The	
1593	Death in Brunswick	
1594	Everest	
1595	Shopping	Late Night Shopping (2001)
1596	Nemesis 2: Nebula	
1597	Romper Stomper	Romper Stomper (1992)
1598	City of Industry	
1599	Someone Else's America	
1600	Guantanamera	
1601	Office Killer	
1602	Price Above Rubies, A	
1603	Angela	Angela's Ashes (1999)
1604	He Walked by Night	
1605	Love Serenade	Love Serenade (1996)
1606	Deceiver	Deceiver (1997)
1607	Hurricane Streets	Hurricane Streets (1997)
1608	Buddy	Buddy Boy (1999)
1609	B*A*P*S	
1610	Truth or Consequences, N.M.	
1611	Intimate Relations	
1612	Leading Man, The	
1613	Tokyo Fist	
1614	Reluctant Debutante, The	
1615	Warriors of Virtue	
1616	Desert Winds	
1617	Hugo Pool	
1618	King of New York	King of New York (1990)
1619	All Things Fair	
1620	Sixth Man, The	
1621	Butterfly Kiss	
1622	Paris, France	
1623	Cérémonie, La	
1624	Hush	Hush... Hush, Sweet Charlotte (1964)
1625	Nightwatch	
1626	Nobody Loves Me (Keiner liebt mich)	
1627	Wife, The	
1628	Lamerica	Lamerica (1994)
1629	Nico Icon	
1630	Silence of the Palace, The (Saimt el Qusur)	
1631	Slingshot, The	
1632	Land and Freedom (Tierra y libertad)	
1633	Á köldum klaka (Cold Fever)	
1634	Etz Hadomim Tafus (Under the Domin Tree)	
1635	Two Friends	
1636	Brothers in Trouble	
1637	Girls Town	
1638	Normal Life	Normal Life (1996)
1639	Bitter Sugar (Azucar Amargo)	
1640	Eighth Day, The	
1641	Dadetown	
1642	Some Mother's Son	Some Mother's Son (1996)
1643	Angel Baby	Angel Baby (1995)
1644	Sudden Manhattan	
1645	Butcher Boy, The	
1646	Men With Guns	
1647	Hana-bi	
1648	Niagara, Niagara	
1649	Big One, The	
1650	Butcher Boy, The	
1651	Spanish Prisoner, The	
1652	Temptress Moon (Feng Yue)	
1653	Entertaining Angels: The Dorothy Day Story	
1654	Chairman of the Board	Chairman of the Board (1998)
1655	Favor, The	
1656	Little City	
1657	Target	Hard Target (1993)
1658	Substance of Fire, The	
1659	Getting Away With Murder	
1660	Small Faces	
1661	New Age, The	
1662	Rough Magic	Rough Magic (1995)
1663	Nothing Personal	
1664	8 Heads in a Duffel Bag	8 Heads in a Duffel Bag (1997)
1665	Brother's Kiss, A	
1666	Ripe	
1667	Next Step, The	
1668	Wedding Bell Blues	
1669	MURDER and murder	
1670	Tainted	
1671	Further Gesture, A	
1672	Kika	Kika (1993)
1673	Mirage	
1674	Mamma Roma	
1675	Sunchaser, The	
1676	War at Home, The	
1677	Sweet Nothing	
1678	Mat' i syn	
1679	B. Monkey	B. Monkey (1998)
1680	Sliding Doors	Sliding Doors (1998)
1681	You So Crazy	
1682	Scream of Stone (Schrei aus Stein)	
